BEGIN

INSERT INTO PROFESORES(ID_PROFESOR, NOMBRE_PROFESOR) VALUES (1,'DAMIAN ESTRADA');
INSERT INTO PROFESORES(ID_PROFESOR, NOMBRE_PROFESOR) VALUES (2,'JORGE LOPEZ');
INSERT INTO PROFESORES(ID_PROFESOR, NOMBRE_PROFESOR) VALUES (3,'JESUS CARRANZA');
INSERT INTO PROFESORES(ID_PROFESOR, NOMBRE_PROFESOR) VALUES (4,'JOSEFA ORTIZ');
INSERT INTO PROFESORES(ID_PROFESOR, NOMBRE_PROFESOR) VALUES (5,'MARTHA ELIZALDE');

INSERT INTO CURSOS(CLAVE_CURSO, NOMBRE_CURSO, HORARIO_CURSO, AULA_CURSO, ID_PROFESOR) VALUES(111,'MATEMATICAS','7-8',  '100',1);
INSERT INTO CURSOS(CLAVE_CURSO, NOMBRE_CURSO, HORARIO_CURSO, AULA_CURSO, ID_PROFESOR) VALUES(222,'FISICA',     '8-9',  '200',1);
INSERT INTO CURSOS(CLAVE_CURSO, NOMBRE_CURSO, HORARIO_CURSO, AULA_CURSO, ID_PROFESOR) VALUES(333,'HISTORIA',   '9-10', '300',2);
INSERT INTO CURSOS(CLAVE_CURSO, NOMBRE_CURSO, HORARIO_CURSO, AULA_CURSO, ID_PROFESOR) VALUES(444,'GEOGRAFIA',  '10-11','400',3);
INSERT INTO CURSOS(CLAVE_CURSO, NOMBRE_CURSO, HORARIO_CURSO, AULA_CURSO, ID_PROFESOR) VALUES(555,'BIOLOGIA',   '11-12','500',4);
INSERT INTO CURSOS(CLAVE_CURSO, NOMBRE_CURSO, HORARIO_CURSO, AULA_CURSO, ID_PROFESOR) VALUES(666,'LECTURA',    '12-1', '600',5);
INSERT INTO CURSOS(CLAVE_CURSO, NOMBRE_CURSO, HORARIO_CURSO, AULA_CURSO, ID_PROFESOR) VALUES(777,'INFORMATICA','1-2', '700',5);

INSERT INTO ESTUDIANTES(ID_ESTUDIANTE, NOMBRE_ESTUDIANTE) VALUES (1, 'JUAN PEREZ'); 
INSERT INTO ESTUDIANTES(ID_ESTUDIANTE, NOMBRE_ESTUDIANTE) VALUES (2, 'RICARDO FLORES'); 
INSERT INTO ESTUDIANTES(ID_ESTUDIANTE, NOMBRE_ESTUDIANTE) VALUES (3, 'MANUEL GONZALEZ'); 
INSERT INTO ESTUDIANTES(ID_ESTUDIANTE, NOMBRE_ESTUDIANTE) VALUES (4, 'ISRAEL MARTINEZ'); 
INSERT INTO ESTUDIANTES(ID_ESTUDIANTE, NOMBRE_ESTUDIANTE) VALUES (5, 'DANIEL NAVA'); 
INSERT INTO ESTUDIANTES(ID_ESTUDIANTE, NOMBRE_ESTUDIANTE) VALUES (6, 'JESUS HERNANDEZ');  
INSERT INTO ESTUDIANTES(ID_ESTUDIANTE, NOMBRE_ESTUDIANTE) VALUES (7, 'ADRIANA SALAS'); 
INSERT INTO ESTUDIANTES(ID_ESTUDIANTE, NOMBRE_ESTUDIANTE) VALUES (8, 'DANIELA PEREZ'); 
INSERT INTO ESTUDIANTES(ID_ESTUDIANTE, NOMBRE_ESTUDIANTE) VALUES (9, 'ROSA HUERTA'); 
INSERT INTO ESTUDIANTES(ID_ESTUDIANTE, NOMBRE_ESTUDIANTE) VALUES (10, 'JIMENA CASTRO');  
INSERT INTO ESTUDIANTES(ID_ESTUDIANTE, NOMBRE_ESTUDIANTE) VALUES (11, 'KARLA LOPEZ'); 
INSERT INTO ESTUDIANTES(ID_ESTUDIANTE, NOMBRE_ESTUDIANTE) VALUES (12, 'JUANA RAMOS'); 
INSERT INTO ESTUDIANTES(ID_ESTUDIANTE, NOMBRE_ESTUDIANTE) VALUES (13, 'TERESA HURTADO'); 
INSERT INTO ESTUDIANTES(ID_ESTUDIANTE, NOMBRE_ESTUDIANTE) VALUES (14, 'KATIA JIMENEZ'); 
INSERT INTO ESTUDIANTES(ID_ESTUDIANTE, NOMBRE_ESTUDIANTE) VALUES (15, 'JORGE VELEZ'); 


INSERT INTO CALIFICACIONES(CLAVE_CURSO, ID_PROFESOR, ID_ESTUDIANTE, CALIFICACION) VALUES (111, 1, 1, 80.5);
INSERT INTO CALIFICACIONES(CLAVE_CURSO, ID_PROFESOR, ID_ESTUDIANTE, CALIFICACION) VALUES (222, 1, 1, 70.0);
INSERT INTO CALIFICACIONES(CLAVE_CURSO, ID_PROFESOR, ID_ESTUDIANTE, CALIFICACION) VALUES (333, 2, 1, 90.0);        
 
INSERT INTO CALIFICACIONES(CLAVE_CURSO, ID_PROFESOR, ID_ESTUDIANTE, CALIFICACION) VALUES (333, 2, 2, 60.5);
INSERT INTO CALIFICACIONES(CLAVE_CURSO, ID_PROFESOR, ID_ESTUDIANTE, CALIFICACION) VALUES (444, 3, 2, 75.0);
INSERT INTO CALIFICACIONES(CLAVE_CURSO, ID_PROFESOR, ID_ESTUDIANTE, CALIFICACION) VALUES (555, 4, 2, 95.0);
        
INSERT INTO CALIFICACIONES(CLAVE_CURSO, ID_PROFESOR, ID_ESTUDIANTE, CALIFICACION) VALUES (222, 1, 3, 85.5);
INSERT INTO CALIFICACIONES(CLAVE_CURSO, ID_PROFESOR, ID_ESTUDIANTE, CALIFICACION) VALUES (333, 2, 3, 50.0);
        
INSERT INTO CALIFICACIONES(CLAVE_CURSO, ID_PROFESOR, ID_ESTUDIANTE, CALIFICACION) VALUES (444, 3, 4, 40.0);
INSERT INTO CALIFICACIONES(CLAVE_CURSO, ID_PROFESOR, ID_ESTUDIANTE, CALIFICACION) VALUES (555, 4, 4, 75.0);
INSERT INTO CALIFICACIONES(CLAVE_CURSO, ID_PROFESOR, ID_ESTUDIANTE, CALIFICACION) VALUES (666, 5, 4, 75.0);
        
INSERT INTO CALIFICACIONES(CLAVE_CURSO, ID_PROFESOR, ID_ESTUDIANTE, CALIFICACION) VALUES (111, 1, 5, 90.0);
INSERT INTO CALIFICACIONES(CLAVE_CURSO, ID_PROFESOR, ID_ESTUDIANTE, CALIFICACION) VALUES (333, 2, 5, 95.0);
INSERT INTO CALIFICACIONES(CLAVE_CURSO, ID_PROFESOR, ID_ESTUDIANTE, CALIFICACION) VALUES (555, 4, 5, 85.0);

INSERT INTO CALIFICACIONES(CLAVE_CURSO, ID_PROFESOR, ID_ESTUDIANTE, CALIFICACION) VALUES (111, 1, 6, 60.0);
INSERT INTO CALIFICACIONES(CLAVE_CURSO, ID_PROFESOR, ID_ESTUDIANTE, CALIFICACION) VALUES (222, 1, 6, 75.0);
INSERT INTO CALIFICACIONES(CLAVE_CURSO, ID_PROFESOR, ID_ESTUDIANTE, CALIFICACION) VALUES (666, 5, 6, 70.5);
        
INSERT INTO CALIFICACIONES(CLAVE_CURSO, ID_PROFESOR, ID_ESTUDIANTE, CALIFICACION) VALUES (111, 1, 7, 80.0);
INSERT INTO CALIFICACIONES(CLAVE_CURSO, ID_PROFESOR, ID_ESTUDIANTE, CALIFICACION) VALUES (555, 4, 7, 85.0);
INSERT INTO CALIFICACIONES(CLAVE_CURSO, ID_PROFESOR, ID_ESTUDIANTE, CALIFICACION) VALUES (666, 5, 7, 70.0);
        
INSERT INTO CALIFICACIONES(CLAVE_CURSO, ID_PROFESOR, ID_ESTUDIANTE, CALIFICACION) VALUES (222, 1, 8, 40.0);
INSERT INTO CALIFICACIONES(CLAVE_CURSO, ID_PROFESOR, ID_ESTUDIANTE, CALIFICACION) VALUES (444, 3, 8, 55.0);
INSERT INTO CALIFICACIONES(CLAVE_CURSO, ID_PROFESOR, ID_ESTUDIANTE, CALIFICACION) VALUES (555, 4, 8, 65.0);
        
INSERT INTO CALIFICACIONES(CLAVE_CURSO, ID_PROFESOR, ID_ESTUDIANTE, CALIFICACION) VALUES (111, 1, 9, 90.0);
INSERT INTO CALIFICACIONES(CLAVE_CURSO, ID_PROFESOR, ID_ESTUDIANTE, CALIFICACION) VALUES (555, 4, 9, 70.0);
INSERT INTO CALIFICACIONES(CLAVE_CURSO, ID_PROFESOR, ID_ESTUDIANTE, CALIFICACION) VALUES (777, 5, 9, 70.0);
        
INSERT INTO CALIFICACIONES(CLAVE_CURSO, ID_PROFESOR, ID_ESTUDIANTE, CALIFICACION) VALUES (333, 2, 10, 40.0);
INSERT INTO CALIFICACIONES(CLAVE_CURSO, ID_PROFESOR, ID_ESTUDIANTE, CALIFICACION) VALUES (444, 3, 10, 30.0);
INSERT INTO CALIFICACIONES(CLAVE_CURSO, ID_PROFESOR, ID_ESTUDIANTE, CALIFICACION) VALUES (555, 4, 10, 70.0);
        
INSERT INTO CALIFICACIONES(CLAVE_CURSO, ID_PROFESOR, ID_ESTUDIANTE, CALIFICACION) VALUES (111, 1, 11, 70.0);
INSERT INTO CALIFICACIONES(CLAVE_CURSO, ID_PROFESOR, ID_ESTUDIANTE, CALIFICACION) VALUES (555, 4, 11, 75.0);
INSERT INTO CALIFICACIONES(CLAVE_CURSO, ID_PROFESOR, ID_ESTUDIANTE, CALIFICACION) VALUES (666, 5, 11, 70.0);
        
INSERT INTO CALIFICACIONES(CLAVE_CURSO, ID_PROFESOR, ID_ESTUDIANTE, CALIFICACION) VALUES (333, 2, 12, 70.0);
INSERT INTO CALIFICACIONES(CLAVE_CURSO, ID_PROFESOR, ID_ESTUDIANTE, CALIFICACION) VALUES (444, 3, 12, 75.0);
INSERT INTO CALIFICACIONES(CLAVE_CURSO, ID_PROFESOR, ID_ESTUDIANTE, CALIFICACION) VALUES (555, 4, 12, 85.0);
        
INSERT INTO CALIFICACIONES(CLAVE_CURSO, ID_PROFESOR, ID_ESTUDIANTE, CALIFICACION) VALUES (222, 1, 13, 99.0);
INSERT INTO CALIFICACIONES(CLAVE_CURSO, ID_PROFESOR, ID_ESTUDIANTE, CALIFICACION) VALUES (777, 5, 13, 98.0);
        
INSERT INTO CALIFICACIONES(CLAVE_CURSO, ID_PROFESOR, ID_ESTUDIANTE, CALIFICACION) VALUES (222, 1, 14, 90.0);
INSERT INTO CALIFICACIONES(CLAVE_CURSO, ID_PROFESOR, ID_ESTUDIANTE, CALIFICACION) VALUES (333, 2, 14, 80.0);
INSERT INTO CALIFICACIONES(CLAVE_CURSO, ID_PROFESOR, ID_ESTUDIANTE, CALIFICACION) VALUES (555, 4, 14, 60.0);

INSERT INTO CALIFICACIONES(CLAVE_CURSO, ID_PROFESOR, ID_ESTUDIANTE, CALIFICACION) VALUES (111, 1, 15, 60.0);
INSERT INTO CALIFICACIONES(CLAVE_CURSO, ID_PROFESOR, ID_ESTUDIANTE, CALIFICACION) VALUES (222, 1, 15, 55.0);
INSERT INTO CALIFICACIONES(CLAVE_CURSO, ID_PROFESOR, ID_ESTUDIANTE, CALIFICACION) VALUES (333, 2, 15, 20.0);

COMMIT;
   
END;